Peptide Sequence,Peptide Modified Sequence,+57 Probabilities
IEAELQDICNDVLELLDK,IEAELQDIC[+57]NDVLELLDK,IEAELQDIC(.000256)NDVLELLDK
ELETVCNDVLSLLDK,ELETVC[+57]NDVLSLLDK,ELETVC(.1527)NDVLSLLDK
NCNDFQYESK,NC[+57]NDFQYESK,NC(1)NDFQYESK
ELEAVCQDVLSLLDNYLIK,ELEAVC[+57]QDVLSLLDNYLIK,ELEAVC(1)QDVLSLLDNYLIK
LGLALNYSVFYYEIQNAPEQACHLAK,LGLALNYSVFYYEIQNAPEQAC[+57]HLAK,LGLALNYSVFYYEIQNAPEQAC(1)HLAK
GEELSCEER,GEELSC[+57]EER,GEELSC(1)EER
VETELQGVCDTVLGLLDSHLIK,VETELQGVC[+57]DTVLGLLDSHLIK,VETELQGVC(1)DTVLGLLDSHLIK
SICTTVLELLDK,SIC[+57]TTVLELLDK,SIC(1)TTVLELLDK
YLAEVACGDDR,YLAEVAC[+57]GDDR,YLAEVAC(.5)GDDR
YLAEVACGDDRK,YLAEVAC[+57]GDDRK,YLAEVAC(1)GDDRK
DICNDVLSLLEK,DIC[+57]NDVLSLLEK,DIC(.7)NDVLSLLEK
CWALGFYPAEITLTWQR,C[+57]WALGFYPAEITLTWQR,C(.1)WALGFYPAEITLTWQR
CWALGFYPAEITLTWQR,C[+57]WALGFYPAEITLTWQR,C(1)WALGFYPAEITLTWQR
YTCHVQHEGLPKPLTLR,YTC[+57]HVQHEGLPKPLTLR,YTC(.2)HVQHEGLPKPLTLR
YTCHVQHEGLPKPLTLR,YTC[+57]HVQHEGLPKPLTLR,YTC(.4)HVQHEGLPKPLTLR
YTCHVQHEGLPKPLTLR,YTC[+57]HVQHEGLPKPLTLR,YTC(1)HVQHEGLPKPLTLR
YTCHVQHEGLPKPLTLR,YTC[+57]HVQHEGLPKPLTLR,YTC(1)HVQHEGLPKPLTLR
KGGSYTQAASSDSAQGSDVSLTACK,KGGSYTQAASSDSAQGSDVSLTAC[+57]K,KGGSYTQAASSDSAQGSDVSLTAC(.9)K
KGGSYTQAASSDSAQGSDVSLTACKV,KGGSYTQAASSDSAQGSDVSLTAC[+57]KV,KGGSYTQAASSDSAQGSDVSLTAC(.8)KV
AYLEGTCVEWLR,AYLEGTC[+57]VEWLR,AYLEGTC(.9)VEWLR
AYLDGTCVEWLR,AYLDGTC[+57]VEWLR,AYLDGTC(.6)VEWLR
YTCHVQHEGLPEPLTLR,YTC[+57]HVQHEGLPEPLTLR,YTC(.3)HVQHEGLPEPLTLR
YTCHVQHEGLPEPLTLR,YTC[+57]HVQHEGLPEPLTLR,YTC(.2)HVQHEGLPEPLTLR
AYLEGECVEWLR,AYLEGEC[+57]VEWLR,AYLEGEC(.01)VEWLR
SLSVYHPQLAYCVVQFLEK,SLSVYHPQLAYC[+57]VVQFLEK,SLSVYHPQLAYC(.1)VVQFLEK
TSACGLFSVCYPR,TSAC[+57]GLFSVC[+57]YPR,TSAC(.003)GLFSVC(1)YPR
DNTIEHLLPLFLAQLKDECPEVR,DNTIEHLLPLFLAQLKDEC[+57]PEVR,DNTIEHLLPLFLAQLKDEC(.1234)PEVR
LNIISNLDCVNEVIGIR,LNIISNLDC[+57]VNEVIGIR,LNIISNLDC(.004)VNEVIGIR
LNIISNLDCVNEVIGIR,LNIISNLDC[+57]VNEVIGIR,LNIISNLDC(.8)VNEVIGIR
TQPLQHHNLLVCSVSGFYPGSIEVR,TQPLQHHNLLVC[+57]SVSGFYPGSIEVR,TQPLQHHNLLVC(.6)SVSGFYPGSIEVR
TQPLQHHNLLVCSVSGFYPGSIEVR,TQPLQHHNLLVC[+57]SVSGFYPGSIEVR,TQPLQHHNLLVC(.9)SVSGFYPGSIEVR
SGEVYTCQVEHPSVTSPLTVEWR,SGEVYTC[+57]QVEHPSVTSPLTVEWR,SGEVYTC(.999)QVEHPSVTSPLTVEWR
YYLCLQLR,YYLC[+57]LQLR,YYLC(1)LQLR
WCSWSLSQAR,WC[+57]SWSLSQAR,WC(1)SWSLSQAR
VEEIICGLIK,VEEIIC[+57]GLIK,VEEIIC(.8)GLIK
TIVYLDGSSQSCR,TIVYLDGSSQSC[+57]R,TIVYLDGSSQSC(.4)R
LDVLCTK,LDVLC[+57]TK,LDVLC(.2)TK
VGTGEPCCDWVGDEGAGHFVK,VGTGEPC[+57]C[+57]DWVGDEGAGHFVK,VGTGEPC(1)C(1)DWVGDEGAGHFVK
CLSSLKDER,C[+57]LSSLKDER,C(.3)LSSLKDER
SAVENCQDSWR,SAVENC[+57]QDSWR,SAVENC(.1)QDSWR
WTLGFCDER,WTLGFC[+57]DER,WTLGFC(.07)DER
GAAACDLVQR,GAAAC[+57]DLVQR,GAAAC(.2)DLVQR
DGFDISGNPWICDQNLSDLYR,DGFDISGNPWIC[+57]DQNLSDLYR,DGFDISGNPWIC(.43567)DQNLSDLYR
CLVGEFVSDALLVPDK,C[+57]LVGEFVSDALLVPDK,C(.0012345)LVGEFVSDALLVPDK
CLVGEFVSDALLVPDKCK,C[+57]LVGEFVSDALLVPDKC[+57]K,C(.7)LVGEFVSDALLVPDKC(1)K
EVCSEQAETGPCR,EVC[+57]SEQAETGPC[+57]R,EVC(.3)SEQAETGPC(.00024356)R
CAPFFYGGCGGNR,C[+57]APFFYGGC[+57]GGNR,C(1)APFFYGGC(.9999)GGNR
TASGWALALCR,TASGWALALC[+57]R,TASGWALALC(.1)R
GLAAAEPTANGGLALASIEDQGAAAGGYCGSR,GLAAAEPTANGGLALASIEDQGAAAGGYC[+57]GSR,GLAAAEPTANGGLALASIEDQGAAAGGYC(.555)GSR
SCTVLNVEGDALGAGLLQNYVDR,SC[+57]TVLNVEGDALGAGLLQNYVDR,SC(1)TVLNVEGDALGAGLLQNYVDR
SCTVLNVEGDALGAGLLQNYVDR,SC[+57]TVLNVEGDALGAGLLQNYVDR,SC(.8573)TVLNVEGDALGAGLLQNYVDR
TSCGSPNYAAPEVISGR,TSC[+57]GSPNYAAPEVISGR,TSC(1)GSPNYAAPEVISGR
NLDKEYLPIGGLAEFCK,NLDKEYLPIGGLAEFC[+57]K,NLDKEYLPIGGLAEFC(.834567)K
EYLPIGGLAEFCK,EYLPIGGLAEFC[+57]K,EYLPIGGLAEFC(1)K
NLLCGFYGR,NLLC[+57]GFYGR,NLLC(0)GFYGR
LCIEVTPQSK,LC[+57]IEVTPQSK,LC(.6)IEVTPQSK
CPFGALSIVNLPSNLEK,C[+57]PFGALSIVNLPSNLEK,C(.436)PFGALSIVNLPSNLEK
YCANAFK,YC[+57]ANAFK,YC(.00001)ANAFK
TQAIVCQQLDLTHLK,TQAIVC[+57]QQLDLTHLK,TQAIVC(1)QQLDLTHLK
FACAVVCIQK,FAC[+57]AVVC[+57]IQK,FAC(1)AVVC(1)IQK
VALALCLGKPADVYLIDEPSAYLDSEQR,VALALC[+57]LGKPADVYLIDEPSAYLDSEQR,VALALC(0)LGKPADVYLIDEPSAYLDSEQR
ALSIPPNIDVLLCEQEVVADETPAVQAVLR,ALSIPPNIDVLLC[+57]EQEVVADETPAVQAVLR,ALSIPPNIDVLLC(.5)EQEVVADETPAVQAVLR
ICIVGPNGVGK,IC[+57]IVGPNGVGK,IC(1)IVGPNGVGK
VVFAELACR,VVFAELAC[+57]R,VVFAELAC(.003)R
ALAIEEFCK,ALAIEEFC[+57]K,ALAIEEFC(.1)K
DDKCANLFEALVGTLK,DDKC[+57]ANLFEALVGTLK,DDKC(.7)ANLFEALVGTLK
LASGEHIAAFCLTEPASGSDAASIR,LASGEHIAAFC[+57]LTEPASGSDAASIR,LASGEHIAAFC(.2)LTEPASGSDAASIR
AYICAHPLDR,AYIC[+57]AHPLDR,AYIC(.456345)AHPLDR
ELGAFGLQVPSELGGVGLCNTQYAR,ELGAFGLQVPSELGGVGLC[+57]NTQYAR,ELGAFGLQVPSELGGVGLC(.1234)NTQYAR
TPDAVELCK,TPDAVELC[+57]K,TPDAVELC(.3)K
FICTTSAIQNR,FIC[+57]TTSAIQNR,FIC(.999)TTSAIQNR
VDATADYICK,VDATADYIC[+57]K,VDATADYIC(.503)K
GVTIIGPATVGGIKPGCFK,GVTIIGPATVGGIKPGC[+57]FK,GVTIIGPATVGGIKPGC(.3456)FK
DLGGIVLANACGPCIGQWDR,DLGGIVLANAC[+57]GPC[+57]IGQWDR,DLGGIVLANAC(.2)GPC(.8)IGQWDR
DLGGIVLANACGPCIGQWDR,DLGGIVLANAC[+57]GPC[+57]IGQWDR,DLGGIVLANAC(.8)GPC(.2)IGQWDR
FPGYYVTGDGCQR,FPGYYVTGDGC[+57]QR,FPGYYVTGDGC(.1)QR
AASGLLSIGLCK,AASGLLSIGLC[+57]K,AASGLLSIGLC(.2)K
GFEGSFEELCR,GFEGSFEELC[+57]R,GFEGSFEELC(1)R
NTPLCDSFVFR,NTPLC[+57]DSFVFR,NTPLC(.523)DSFVFR
LLLCGGAPLSATTQR,LLLC[+57]GGAPLSATTQR,LLLC(.7334)GGAPLSATTQR
VGAPLVCCEIK,VGAPLVC[+57]C[+57]EIK,VGAPLVC(1)C(1)EIK
TALLDISCVK,TALLDISC[+57]VK,TALLDISC(.9)VK
GYDAPLCNLLLFK,GYDAPLC[+57]NLLLFK,GYDAPLC(.465)NLLLFK
CDVDIRK,C[+57]DVDIRK,C(0)DVDIRK
EKLCYVALDFEQEMATAASSSSLEK,EKLC[+57]YVALDFEQEMATAASSSSLEK,EKLC(.421)YVALDFEQEMATAASSSSLEK
TFTAWCNSHLR,TFTAWC[+57]NSHLR,TFTAWC(.7854)NSHLR
TFTAWCNSHLR,TFTAWC[+57]NSHLR,TFTAWC(.004)NSHLR
EGLLLWCQR,EGLLLWC[+57]QR,EGLLLWC(1)QR
DGLGFCALIHR,DGLGFC[+57]ALIHR,DGLGFC(.66667)ALIHR
CQLEINFNTLQTK,C[+57]QLEINFNTLQTK,C(.24332)QLEINFNTLQTK
ICDQWDNLGALTQK,IC[+57]DQWDNLGALTQK,IC(.164)DQWDNLGALTQK
ACLISLGYDIGNDPQGEAEFAR,AC[+57]LISLGYDIGNDPQGEAEFAR,AC(.89880)LISLGYDIGNDPQGEAEFAR
ELPPDQAEYCIAR,ELPPDQAEYC[+57]IAR,ELPPDQAEYC(1)IAR
ICDQWDALGSLTHSR,IC[+57]DQWDALGSLTHSR,IC(.4)DQWDALGSLTHSR
ACLISLGYDVENDR,AC[+57]LISLGYDVENDR,AC(.3)LISLGYDVENDR
YGPQGGCADHSVFER,YGPQGGC[+57]ADHSVFER,YGPQGGC(.01)ADHSVFER
NTCQLYIQTDHLFFK,NTC[+57]QLYIQTDHLFFK,NTC(.8)QLYIQTDHLFFK
NTCQLYIQTDHLFFK,NTC[+57]QLYIQTDHLFFK,NTC(.5)QLYIQTDHLFFK
FLELNSEQNHDDYCLAYVFTDR,FLELNSEQNHDDYC[+57]LAYVFTDR,FLELNSEQNHDDYC(.5)LAYVFTDR
DFDDGVLGLAWVGAPSGSSGGICEK,DFDDGVLGLAWVGAPSGSSGGIC[+57]EK,DFDDGVLGLAWVGAPSGSSGGIC(.5)EK
